{
"type": "FeatureCollection",
"crs": { "type": "name", "properties": { "name": "urn:ogc:def:crs:EPSG::37001" } },
                                                                                
"features": [
{ "type": "Feature", "properties": { "sr_subunit": "Zimbabwe", "sr_brk_a3": "ZWE", "sr_adm0_a3": "ZWE", "scalerank": 0 }, "geometry": { "type": "Point", "coordinates": [ 29.851884620878707, -19.002536710200843 ] } },
{ "type": "Feature", "properties": { "sr_subunit": "Zambia", "sr_brk_a3": "ZMB", "sr_adm0_a3": "ZMB", "scalerank": 0 }, "geometry": { "type": "Point", "coordinates": [ 24.903458800483406, -14.406967293305797 ] } },
{ "type": "Feature", "properties": { "sr_subunit": "Yemen", "sr_brk_a3": "YEM", "sr_adm0_a3": "YEM", "scalerank": 0 }, "geometry": { "type": "Point", "coordinates": [ 50.470011833779267, 16.903633960339164 ] } },
{ "type": "Feature", "properties": { "sr_subunit": "Vietnam", "sr_brk_a3": "VNM", "sr_adm0_a3": "VNM", "scalerank": 0 }, "geometry": { "type": "Point", "coordinates": [ 107.633980849336922, 12.899789384572614 ] } },
{ "type": "Feature", "properties": { "sr_subunit": "Venezuela", "sr_brk_a3": "VEN", "sr_adm0_a3": "VEN", "scalerank": 0 }, "geometry": { "type": "Point", "coordinates": [ -63.209483297416114, 7.267615149519713 ] } },
{ "type": "Feature", "properties": { "sr_subunit": "Vatican", "sr_brk_a3": "VAT", "sr_adm0_a3": "VAT", "scalerank": 0 }, "geometry": { "type": "Point", "coordinates": [ 12.453364357237705, 41.903326933609662 ] } },
{ "type": "Feature", "properties": { "sr_subunit": "Uzbekistan", "sr_brk_a3": "UZB", "sr_adm0_a3": "UZB", "scalerank": 0 }, "geometry": { "type": "Point", "coordinates": [ 63.132411985524868, 41.757738482145385 ] } },
{ "type": "Feature", "properties": { "sr_subunit": "Uruguay", "sr_brk_a3": "URY", "sr_adm0_a3": "URY", "scalerank": 0 }, "geometry": { "type": "Point", "coordinates": [ -56.017869705722205, -32.800158283377925 ] } },
{ "type": "Feature", "properties": { "sr_subunit": "Scotland", "sr_brk_a3": "SCX", "sr_adm0_a3": "GBR", "scalerank": 0 }, "geometry": { "type": "Point", "coordinates": [ -4.012183144536323, 56.68592159550542 ] } },
{ "type": "Feature", "properties": { "sr_subunit": "N. Ireland", "sr_brk_a3": "NIR", "sr_adm0_a3": "GBR", "scalerank": 0 }, "geometry": { "type": "Point", "coordinates": [ -6.694093563067327, 54.608054501614106 ] } },
{ "type": "Feature", "properties": { "sr_subunit": "Rwanda", "sr_brk_a3": "RWA", "sr_adm0_a3": "RWA", "scalerank": 0 }, "geometry": { "type": "Point", "coordinates": [ 29.919059425352373, -1.992752676094938 ] } },
{ "type": "Feature", "properties": { "sr_subunit": "Iceland", "sr_brk_a3": "ISL", "sr_adm0_a3": "ISL", "scalerank": 0 }, "geometry": { "type": "Point", "coordinates": [ -18.596395022212334, 64.998413800656522 ] } },
{ "type": "Feature", "properties": { "sr_subunit": "Hungary", "sr_brk_a3": "HUN", "sr_adm0_a3": "HUN", "scalerank": 0 }, "geometry": { "type": "Point", "coordinates": [ 19.396759266926779, 47.163243686547048 ] } },
{ "type": "Feature", "properties": { "sr_subunit": "Honduras", "sr_brk_a3": "HND", "sr_adm0_a3": "HND", "scalerank": 0 }, "geometry": { "type": "Point", "coordinates": [ -86.618323716765985, 14.821904530070185 ] } },
{ "type": "Feature", "properties": { "sr_subunit": "Haiti", "sr_brk_a3": "HTI", "sr_adm0_a3": "HTI", "scalerank": 0 }, "geometry": { "type": "Point", "coordinates": [ -72.351629702048967, 18.379831792303548 ] } },
{ "type": "Feature", "properties": { "sr_subunit": "Guyana", "sr_brk_a3": "GUX", "sr_adm0_a3": "GUY", "scalerank": 0 }, "geometry": { "type": "Point", "coordinates": [ -58.231094661842569, 5.095633556179767 ] } },
{ "type": "Feature", "properties": { "sr_subunit": "U.S.A.", "sr_brk_a3": "USB", "sr_adm0_a3": "USA", "scalerank": 0 }, "geometry": { "type": "Point", "coordinates": [ -106.710565843139022, 39.689255285902902 ] } },
{ "type": "Feature", "properties": { "sr_subunit": "Gibraltar", "sr_brk_a3": "B55", "sr_adm0_a3": "GIB", "scalerank": 0 }, "geometry": { "type": "Point", "coordinates": [ -5.34733097548497, 36.129901935547558 ] } },
{ "type": "Feature", "properties": { "sr_subunit": "England", "sr_brk_a3": "ENG", "sr_adm0_a3": "GBR", "scalerank": 0 }, "geometry": { "type": "Point", "coordinates": [ -1.460467598400783, 52.601885382104854 ] } },
{ "type": "Feature", "properties": { "sr_subunit": "United Arab Emirates", "sr_brk_a3": "ARE", "sr_adm0_a3": "ARE", "scalerank": 0 }, "geometry": { "type": "Point", "coordinates": [ 53.976512077070879, 23.43367363652925 ] } },
{ "type": "Feature", "properties": { "sr_subunit": "Ukraine", "sr_brk_a3": "UKR", "sr_adm0_a3": "UKR", "scalerank": 0 }, "geometry": { "type": "Point", "coordinates": [ 26.639515624346757, 50.049110409418006 ] } },
{ "type": "Feature", "properties": { "sr_subunit": "Uganda", "sr_brk_a3": "UGA", "sr_adm0_a3": "UGA", "scalerank": 0 }, "geometry": { "type": "Point", "coordinates": [ 32.367039930748376, 1.275691289321685 ] } },
{ "type": "Feature", "properties": { "sr_subunit": "Turkmenistan", "sr_brk_a3": "TKM", "sr_adm0_a3": "TKM", "scalerank": 0 }, "geometry": { "type": "Point", "coordinates": [ 55.989669936118844, 39.694386801309975 ] } },
{ "type": "Feature", "properties": { "sr_subunit": "Turkey", "sr_brk_a3": "TUR", "sr_adm0_a3": "TUR", "scalerank": 0 }, "geometry": { "type": "Point", "coordinates": [ 35.423547472038365, 38.989579683555689 ] } },
{ "type": "Feature", "properties": { "sr_subunit": "Tunisia", "sr_brk_a3": "TUN", "sr_adm0_a3": "TUN", "scalerank": 0 }, "geometry": { "type": "Point", "coordinates": [ 9.521981648534393, 33.759549882021588 ] } },
{ "type": "Feature", "properties": { "sr_subunit": "Togo", "sr_brk_a3": "TGO", "sr_adm0_a3": "TGO", "scalerank": 0 }, "geometry": { "type": "Point", "coordinates": [ 0.962271555088364, 8.526784743421331 ] } },
{ "type": "Feature", "properties": { "sr_subunit": "Thailand", "sr_brk_a3": "THA", "sr_adm0_a3": "THA", "scalerank": 0 }, "geometry": { "type": "Point", "coordinates": [ 101.008760040343759, 15.137111836841939 ] } },
{ "type": "Feature", "properties": { "sr_subunit": "Tanzania", "sr_brk_a3": "TZA", "sr_adm0_a3": "TZA", "scalerank": 0 }, "geometry": { "type": "Point", "coordinates": [ 34.798532165027552, -6.275566902890091 ] } },
{ "type": "Feature", "properties": { "sr_subunit": "Tajikistan", "sr_brk_a3": "TJK", "sr_adm0_a3": "TJK", "scalerank": 0 }, "geometry": { "type": "Point", "coordinates": [ 69.29804874645265, 38.317300993845947 ] } },
{ "type": "Feature", "properties": { "sr_subunit": "Taiwan", "sr_brk_a3": "B77", "sr_adm0_a3": "TWN", "scalerank": 0 }, "geometry": { "type": "Point", "coordinates": [ 120.963362397057153, 23.753164085953983 ] } },
{ "type": "Feature", "properties": { "sr_subunit": "Syria", "sr_brk_a3": "SYX", "sr_adm0_a3": "SYR", "scalerank": 0 }, "geometry": { "type": "Point", "coordinates": [ 38.508280354454939, 35.025610911514548 ] } },
{ "type": "Feature", "properties": { "sr_subunit": "Switzerland", "sr_brk_a3": "CHE", "sr_adm0_a3": "CHE", "scalerank": 0 }, "geometry": { "type": "Point", "coordinates": [ 8.210718017522652, 46.972590124235012 ] } },
{ "type": "Feature", "properties": { "sr_subunit": "Sweden", "sr_brk_a3": "SWE", "sr_adm0_a3": "SWE", "scalerank": 0 }, "geometry": { "type": "Point", "coordinates": [ 14.37197706578911, 60.594601666933556 ] } },
{ "type": "Feature", "properties": { "sr_subunit": "Swaziland", "sr_brk_a3": "SWZ", "sr_adm0_a3": "SWZ", "scalerank": 0 }, "geometry": { "type": "Point", "coordinates": [ 31.480024103229937, -26.561914348768028 ] } },
{ "type": "Feature", "properties": { "sr_subunit": "Suriname", "sr_brk_a3": "SUR", "sr_adm0_a3": "SUR", "scalerank": 0 }, "geometry": { "type": "Point", "coordinates": [ -55.912233487385379, 4.128548348827394 ] } },
{ "type": "Feature", "properties": { "sr_subunit": "Sudan", "sr_brk_a3": "SDZ", "sr_adm0_a3": "SDN", "scalerank": 0 }, "geometry": { "type": "Point", "coordinates": [ 29.939198654394545, 15.986644353154531 ] } },
{ "type": "Feature", "properties": { "sr_subunit": "S. Sudan", "sr_brk_a3": "SDS", "sr_adm0_a3": "SDS", "scalerank": 0 }, "geometry": { "type": "Point", "coordinates": [ 30.251066018482106, 7.305706018418164 ] } },
{ "type": "Feature", "properties": { "sr_subunit": "Sri Lanka", "sr_brk_a3": "LKA", "sr_adm0_a3": "LKA", "scalerank": 0 }, "geometry": { "type": "Point", "coordinates": [ 80.70518550780514, 7.609333054676881 ] } },
{ "type": "Feature", "properties": { "sr_subunit": "Spain", "sr_brk_a3": "ESY", "sr_adm0_a3": "ESP", "scalerank": 0 }, "geometry": { "type": "Point", "coordinates": [ -3.566448279164604, 40.400296696535463 ] } },
{ "type": "Feature", "properties": { "sr_subunit": "S. Korea", "sr_brk_a3": "KOX", "sr_adm0_a3": "KOR", "scalerank": 0 }, "geometry": { "type": "Point", "coordinates": [ 127.880140019346641, 36.437328853743793 ] } },
{ "type": "Feature", "properties": { "sr_subunit": "South Africa", "sr_brk_a3": "ZAX", "sr_adm0_a3": "ZAF", "scalerank": 0 }, "geometry": { "type": "Point", "coordinates": [ 25.159241529772942, -29.009215741912783 ] } },
{ "type": "Feature", "properties": { "sr_subunit": "Somalia", "sr_brk_a3": "SOX", "sr_adm0_a3": "SOM", "scalerank": 0 }, "geometry": { "type": "Point", "coordinates": [ 43.578106626419867, 2.790000309466848 ] } },
{ "type": "Feature", "properties": { "sr_subunit": "Slovenia", "sr_brk_a3": "SVN", "sr_adm0_a3": "SVN", "scalerank": 0 }, "geometry": { "type": "Point", "coordinates": [ 14.940281412357479, 46.063557686138495 ] } },
{ "type": "Feature", "properties": { "sr_subunit": "Slovakia", "sr_brk_a3": "SVK", "sr_adm0_a3": "SVK", "scalerank": 0 }, "geometry": { "type": "Point", "coordinates": [ 19.480382926131313, 48.704935088084028 ] } },
{ "type": "Feature", "properties": { "sr_subunit": "Sierra Leone", "sr_brk_a3": "SLE", "sr_adm0_a3": "SLE", "scalerank": 0 }, "geometry": { "type": "Point", "coordinates": [ -11.787342431307991, 8.571908878192346 ] } },
{ "type": "Feature", "properties": { "sr_subunit": "Senegal", "sr_brk_a3": "SEN", "sr_adm0_a3": "SEN", "scalerank": 0 }, "geometry": { "type": "Point", "coordinates": [ -14.471307705386153, 14.367788720673104 ] } },
{ "type": "Feature", "properties": { "sr_subunit": "Saudi Arabia", "sr_brk_a3": "SAU", "sr_adm0_a3": "SAU", "scalerank": 0 }, "geometry": { "type": "Point", "coordinates": [ 44.539708064176011, 24.124191728465632 ] } },
{ "type": "Feature", "properties": { "sr_subunit": "San Marino", "sr_brk_a3": "SMR", "sr_adm0_a3": "SMR", "scalerank": 0 }, "geometry": { "type": "Point", "coordinates": [ 12.44223694457952, 43.936454245367315 ] } },
{ "type": "Feature", "properties": { "sr_subunit": "Romania", "sr_brk_a3": "ROU", "sr_adm0_a3": "ROU", "scalerank": 0 }, "geometry": { "type": "Point", "coordinates": [ 24.972949302568395, 45.853468269844939 ] } },
{ "type": "Feature", "properties": { "sr_subunit": "Qatar", "sr_brk_a3": "QAT", "sr_adm0_a3": "QAT", "scalerank": 0 }, "geometry": { "type": "Point", "coordinates": [ 51.187100245380179, 25.312972117869094 ] } },
{ "type": "Feature", "properties": { "sr_subunit": "Portugal", "sr_brk_a3": "PRX", "sr_adm0_a3": "PRT", "scalerank": 0 }, "geometry": { "type": "Point", "coordinates": [ -7.978030682170072, 39.678798984485695 ] } },
{ "type": "Feature", "properties": { "sr_subunit": "Poland", "sr_brk_a3": "POL", "sr_adm0_a3": "POL", "scalerank": 0 }, "geometry": { "type": "Point", "coordinates": [ 19.394323120415834, 52.12477121721804 ] } },
{ "type": "Feature", "properties": { "sr_subunit": "Philippines", "sr_brk_a3": "PHL", "sr_adm0_a3": "PHL", "scalerank": 0 }, "geometry": { "type": "Point", "coordinates": [ 121.417972219342573, 15.953362142149331 ] } },
{ "type": "Feature", "properties": { "sr_subunit": "Peru", "sr_brk_a3": "PER", "sr_adm0_a3": "PER", "scalerank": 0 }, "geometry": { "type": "Point", "coordinates": [ -71.851992861880944, -13.587828297237991 ] } },
{ "type": "Feature", "properties": { "sr_subunit": "Paraguay", "sr_brk_a3": "PRY", "sr_adm0_a3": "PRY", "scalerank": 0 }, "geometry": { "type": "Point", "coordinates": [ -58.398422862624841, -23.227518831328837 ] } },
{ "type": "Feature", "properties": { "sr_subunit": "Papua New Guinea", "sr_brk_a3": "PNX", "sr_adm0_a3": "PNG", "scalerank": 0 }, "geometry": { "type": "Point", "coordinates": [ 144.249805933996868, -6.612076560684557 ] } },
{ "type": "Feature", "properties": { "sr_subunit": "Panama", "sr_brk_a3": "PAN", "sr_adm0_a3": "PAN", "scalerank": 0 }, "geometry": { "type": "Point", "coordinates": [ -78.635763916471433, 9.074346360995946 ] } },
{ "type": "Feature", "properties": { "sr_subunit": "Pakistan", "sr_brk_a3": "PAQ", "sr_adm0_a3": "PAK", "scalerank": 0 }, "geometry": { "type": "Point", "coordinates": [ 64.895526773841709, 27.442049517471446 ] } },
{ "type": "Feature", "properties": { "sr_subunit": "Oman", "sr_brk_a3": "OMN", "sr_adm0_a3": "OMN", "scalerank": 0 }, "geometry": { "type": "Point", "coordinates": [ 53.945114988066393, 18.277166230737123 ] } },
{ "type": "Feature", "properties": { "sr_subunit": "Norway", "sr_brk_a3": "NOW", "sr_adm0_a3": "NOR", "scalerank": 0 }, "geometry": { "type": "Point", "coordinates": [ 11.46433556363553, 61.443130264650165 ] } },
{ "type": "Feature", "properties": { "sr_subunit": "North Korea", "sr_brk_a3": "PRK", "sr_adm0_a3": "PRK", "scalerank": 0 }, "geometry": { "type": "Point", "coordinates": [ 127.190079619379162, 40.171838303694926 ] } },
{ "type": "Feature", "properties": { "sr_subunit": "Nigeria", "sr_brk_a3": "NGA", "sr_adm0_a3": "NGA", "scalerank": 0 }, "geometry": { "type": "Point", "coordinates": [ 8.091488882805834, 9.596971579574927 ] } },
{ "type": "Feature", "properties": { "sr_subunit": "Niger", "sr_brk_a3": "NER", "sr_adm0_a3": "NER", "scalerank": 0 }, "geometry": { "type": "Point", "coordinates": [ 12.015976703861952, 18.325117311514873 ] } },
{ "type": "Feature", "properties": { "sr_subunit": "Nicaragua", "sr_brk_a3": "NIC", "sr_adm0_a3": "NIC", "scalerank": 0 }, "geometry": { "type": "Point", "coordinates": [ -85.034271405001164, 12.845120529988606 ] } },
{ "type": "Feature", "properties": { "sr_subunit": "North I.", "sr_brk_a3": "NZN", "sr_adm0_a3": "NZL", "scalerank": 0 }, "geometry": { "type": "Point", "coordinates": [ 175.732015913104078, -38.589318809715166 ] } },
{ "type": "Feature", "properties": { "sr_subunit": "Netherlands", "sr_brk_a3": "NLX", "sr_adm0_a3": "NLD", "scalerank": 0 }, "geometry": { "type": "Point", "coordinates": [ 5.322768998090964, 52.172353347529111 ] } },
{ "type": "Feature", "properties": { "sr_subunit": "Nepal", "sr_brk_a3": "NPL", "sr_adm0_a3": "NPL", "scalerank": 0 }, "geometry": { "type": "Point", "coordinates": [ 83.916253143068275, 28.247922293878901 ] } },
{ "type": "Feature", "properties": { "sr_subunit": "Namibia", "sr_brk_a3": "NAM", "sr_adm0_a3": "NAM", "scalerank": 0 }, "geometry": { "type": "Point", "coordinates": [ 17.210548393693557, -22.128721087707845 ] } },
{ "type": "Feature", "properties": { "sr_subunit": "Mozambique", "sr_brk_a3": "MOZ", "sr_adm0_a3": "MOZ", "scalerank": 0 }, "geometry": { "type": "Point", "coordinates": [ 38.189486118789489, -14.276251010175827 ] } },
{ "type": "Feature", "properties": { "sr_subunit": "Morocco", "sr_brk_a3": "MAX", "sr_adm0_a3": "MAR", "scalerank": 0 }, "geometry": { "type": "Point", "coordinates": [ -6.324451510528604, 31.883031081919057 ] } },
{ "type": "Feature", "properties": { "sr_subunit": "Montenegro", "sr_brk_a3": "MNE", "sr_adm0_a3": "MNE", "scalerank": 0 }, "geometry": { "type": "Point", "coordinates": [ 19.23849855986083, 42.785816160687432 ] } },
{ "type": "Feature", "properties": { "sr_subunit": "Mongolia", "sr_brk_a3": "MNG", "sr_adm0_a3": "MNG", "scalerank": 0 }, "geometry": { "type": "Point", "coordinates": [ 95.778538350464657, 46.750223575257962 ] } },
{ "type": "Feature", "properties": { "sr_subunit": "Monaco", "sr_brk_a3": "MCO", "sr_adm0_a3": "MCO", "scalerank": 0 }, "geometry": { "type": "Point", "coordinates": [ 7.398448957853304, 43.746140751794428 ] } },
{ "type": "Feature", "properties": { "sr_subunit": "Moldova", "sr_brk_a3": "MDA", "sr_adm0_a3": "MDA", "scalerank": 0 }, "geometry": { "type": "Point", "coordinates": [ 28.461397116284047, 47.195101392115703 ] } },
{ "type": "Feature", "properties": { "sr_subunit": "Mexico", "sr_brk_a3": "MEX", "sr_adm0_a3": "MEX", "scalerank": 0 }, "geometry": { "type": "Point", "coordinates": [ -102.506621210999924, 23.940958892339154 ] } },
{ "type": "Feature", "properties": { "sr_subunit": "Mauritania", "sr_brk_a3": "MRT", "sr_adm0_a3": "MRT", "scalerank": 0 }, "geometry": { "type": "Point", "coordinates": [ -10.342115791910089, 20.256322092890457 ] } },
{ "type": "Feature", "properties": { "sr_subunit": "Mali", "sr_brk_a3": "MLI", "sr_adm0_a3": "MLI", "scalerank": 0 }, "geometry": { "type": "Point", "coordinates": [ 0.110695637893514, 18.363161563155757 ] } },
{ "type": "Feature", "properties": { "sr_subunit": "Malaysia", "sr_brk_a3": "MYS", "sr_adm0_a3": "MYS", "scalerank": 0 }, "geometry": { "type": "Point", "coordinates": [ 102.186546631422061, 4.029744843949572 ] } },
{ "type": "Feature", "properties": { "sr_subunit": "Malawi", "sr_brk_a3": "MWI", "sr_adm0_a3": "MWI", "scalerank": 0 }, "geometry": { "type": "Point", "coordinates": [ 33.473555846825036, -13.411753437770756 ] } },
{ "type": "Feature", "properties": { "sr_subunit": "Madagascar", "sr_brk_a3": "MDG", "sr_adm0_a3": "MDG", "scalerank": 0 }, "geometry": { "type": "Point", "coordinates": [ 46.704127317421921, -19.37689891025633 ] } },
{ "type": "Feature", "properties": { "sr_subunit": "Macedonia", "sr_brk_a3": "MKD", "sr_adm0_a3": "MKD", "scalerank": 0 }, "geometry": { "type": "Point", "coordinates": [ 21.683830560931824, 41.595004031011399 ] } },
{ "type": "Feature", "properties": { "sr_subunit": "Luxembourg", "sr_brk_a3": "LUX", "sr_adm0_a3": "LUX", "scalerank": 0 }, "geometry": { "type": "Point", "coordinates": [ 6.071789535958487, 49.766794378358043 ] } },
{ "type": "Feature", "properties": { "sr_subunit": "Lithuania", "sr_brk_a3": "LTU", "sr_adm0_a3": "LTU", "scalerank": 0 }, "geometry": { "type": "Point", "coordinates": [ 23.894068429714423, 55.326734202421676 ] } },
{ "type": "Feature", "properties": { "sr_subunit": "Liechtenstein", "sr_brk_a3": "LIE", "sr_adm0_a3": "LIE", "scalerank": 0 }, "geometry": { "type": "Point", "coordinates": [ 9.540900288917385, 47.138206429483319 ] } },
{ "type": "Feature", "properties": { "sr_subunit": "Libya", "sr_brk_a3": "LBY", "sr_adm0_a3": "LBY", "scalerank": 0 }, "geometry": { "type": "Point", "coordinates": [ 13.253973020138915, 28.074587462741363 ] } },
{ "type": "Feature", "properties": { "sr_subunit": "Liberia", "sr_brk_a3": "LBR", "sr_adm0_a3": "LBR", "scalerank": 0 }, "geometry": { "type": "Point", "coordinates": [ -9.31986574450832, 6.452235529146492 ] } },
{ "type": "Feature", "properties": { "sr_subunit": "Lesotho", "sr_brk_a3": "LSO", "sr_adm0_a3": "LSO", "scalerank": 0 }, "geometry": { "type": "Point", "coordinates": [ 28.22862292460843, -29.57973044400461 ] } },
{ "type": "Feature", "properties": { "sr_subunit": "Lebanon", "sr_brk_a3": "LBN", "sr_adm0_a3": "LBN", "scalerank": 0 }, "geometry": { "type": "Point", "coordinates": [ 35.879933721564157, 33.920354455493907 ] } },
{ "type": "Feature", "properties": { "sr_subunit": "Latvia", "sr_brk_a3": "LVA", "sr_adm0_a3": "LVA", "scalerank": 0 }, "geometry": { "type": "Point", "coordinates": [ 26.405115597806741, 56.633417305664295 ] } },
{ "type": "Feature", "properties": { "sr_subunit": "Laos", "sr_brk_a3": "LAO", "sr_adm0_a3": "LAO", "scalerank": 0 }, "geometry": { "type": "Point", "coordinates": [ 101.988895711368173, 20.285349578920091 ] } },
{ "type": "Feature", "properties": { "sr_subunit": "Kyrgyzstan", "sr_brk_a3": "KGZ", "sr_adm0_a3": "KGZ", "scalerank": 0 }, "geometry": { "type": "Point", "coordinates": [ 77.499744507003584, 41.947863595628576 ] } },
{ "type": "Feature", "properties": { "sr_subunit": "Kuwait", "sr_brk_a3": "KWT", "sr_adm0_a3": "KWT", "scalerank": 0 }, "geometry": { "type": "Point", "coordinates": [ 47.482470739832934, 29.51013402086852 ] } },
{ "type": "Feature", "properties": { "sr_subunit": "Kosovo", "sr_brk_a3": "B57", "sr_adm0_a3": "KOS", "scalerank": 0 }, "geometry": { "type": "Point", "coordinates": [ 20.873743341981822, 42.57288318431165 ] } },
{ "type": "Feature", "properties": { "sr_subunit": "Kenya", "sr_brk_a3": "KEZ", "sr_adm0_a3": "KEN", "scalerank": 0 }, "geometry": { "type": "Point", "coordinates": [ 37.795179610550747, 0.599014669291705 ] } },
{ "type": "Feature", "properties": { "sr_subunit": "Kazakhstan", "sr_brk_a3": "KAZ", "sr_adm0_a3": "KAZ", "scalerank": 0 }, "geometry": { "type": "Point", "coordinates": [ 67.289310904175068, 48.156038204799472 ] } },
{ "type": "Feature", "properties": { "sr_subunit": "Jordan", "sr_brk_a3": "JOR", "sr_adm0_a3": "JOR", "scalerank": 0 }, "geometry": { "type": "Point", "coordinates": [ 37.120675289433223, 30.636324140047179 ] } },
{ "type": "Feature", "properties": { "sr_subunit": "Japan", "sr_brk_a3": "JPH", "sr_adm0_a3": "JPN", "scalerank": 0 }, "geometry": { "type": "Point", "coordinates": [ 139.268138053728421, 36.65362538180608 ] } },
{ "type": "Feature", "properties": { "sr_subunit": "Italy", "sr_brk_a3": "ITX", "sr_adm0_a3": "ITA", "scalerank": 0 }, "geometry": { "type": "Point", "coordinates": [ 9.581412900784926, 45.23561638578775 ] } },
{ "type": "Feature", "properties": { "sr_subunit": "Israel", "sr_brk_a3": "ISX", "sr_adm0_a3": "ISR", "scalerank": 0 }, "geometry": { "type": "Point", "coordinates": [ 34.657992593483584, 31.028641443248148 ] } },
{ "type": "Feature", "properties": { "sr_subunit": "Ireland", "sr_brk_a3": "IRL", "sr_adm0_a3": "IRL", "scalerank": 0 }, "geometry": { "type": "Point", "coordinates": [ -8.138264403779033, 53.176692342377862 ] } },
{ "type": "Feature", "properties": { "sr_subunit": "Iraq", "sr_brk_a3": "IRR", "sr_adm0_a3": "IRQ", "scalerank": 0 }, "geometry": { "type": "Point", "coordinates": [ 43.744973605347752, 33.039805934296623 ] } },
{ "type": "Feature", "properties": { "sr_subunit": "Iran", "sr_brk_a3": "IRN", "sr_adm0_a3": "IRN", "scalerank": 0 }, "geometry": { "type": "Point", "coordinates": [ 54.274942451033439, 32.578186643099286 ] } },
{ "type": "Feature", "properties": { "sr_subunit": "Indonesia", "sr_brk_a3": "IDN", "sr_adm0_a3": "IDN", "scalerank": 0 }, "geometry": { "type": "Point", "coordinates": [ 109.92121422545631, -7.384474719732395 ] } },
{ "type": "Feature", "properties": { "sr_subunit": "India", "sr_brk_a3": "INZ", "sr_adm0_a3": "IND", "scalerank": 0 }, "geometry": { "type": "Point", "coordinates": [ 82.752848140529409, 22.426348968929915 ] } },
{ "type": "Feature", "properties": { "sr_subunit": "Guinea Bissau", "sr_brk_a3": "GNB", "sr_adm0_a3": "GNB", "scalerank": 0 }, "geometry": { "type": "Point", "coordinates": [ -14.427644869115284, 12.119651879430876 ] } },
{ "type": "Feature", "properties": { "sr_subunit": "Guinea", "sr_brk_a3": "GIN", "sr_adm0_a3": "GIN", "scalerank": 0 }, "geometry": { "type": "Point", "coordinates": [ -11.371776289843751, 11.031432763911084 ] } },
{ "type": "Feature", "properties": { "sr_subunit": "Guatemala", "sr_brk_a3": "GTM", "sr_adm0_a3": "GTM", "scalerank": 0 }, "geometry": { "type": "Point", "coordinates": [ -91.240086433242141, 15.007764594360708 ] } },
{ "type": "Feature", "properties": { "sr_subunit": "Greece", "sr_brk_a3": "GRC", "sr_adm0_a3": "GRC", "scalerank": 0 }, "geometry": { "type": "Point", "coordinates": [ 22.581857843165096, 39.474997189968519 ] } },
{ "type": "Feature", "properties": { "sr_subunit": "Ghana", "sr_brk_a3": "GHA", "sr_adm0_a3": "GHA", "scalerank": 0 }, "geometry": { "type": "Point", "coordinates": [ -1.216528980028272, 7.953953003728316 ] } },
{ "type": "Feature", "properties": { "sr_subunit": "Germany", "sr_brk_a3": "DEU", "sr_adm0_a3": "DEU", "scalerank": 0 }, "geometry": { "type": "Point", "coordinates": [ 10.370787457775123, 51.087101766333603 ] } },
{ "type": "Feature", "properties": { "sr_subunit": "Georgia", "sr_brk_a3": "GEX", "sr_adm0_a3": "GEO", "scalerank": 0 }, "geometry": { "type": "Point", "coordinates": [ 43.340143672992269, 42.04472268260588 ] } },
{ "type": "Feature", "properties": { "sr_subunit": "Gambia", "sr_brk_a3": "GMB", "sr_adm0_a3": "GMB", "scalerank": 0 }, "geometry": { "type": "Point", "coordinates": [ -16.076954107346012, 13.288189063774439 ] } },
{ "type": "Feature", "properties": { "sr_subunit": "Gabon", "sr_brk_a3": "GAX", "sr_adm0_a3": "GAB", "scalerank": 0 }, "geometry": { "type": "Point", "coordinates": [ 11.793328383798041, -0.587023748347121 ] } },
{ "type": "Feature", "properties": { "sr_subunit": "France", "sr_brk_a3": "FXX", "sr_adm0_a3": "FRA", "scalerank": 0 }, "geometry": { "type": "Point", "coordinates": [ 2.449486512892406, 46.62237366531258 ] } },
{ "type": "Feature", "properties": { "sr_subunit": "Finland", "sr_brk_a3": "FIN", "sr_adm0_a3": "FIN", "scalerank": 0 }, "geometry": { "type": "Point", "coordinates": [ 23.359754576812406, 61.920950362269593 ] } },
{ "type": "Feature", "properties": { "sr_subunit": "Ethiopia", "sr_brk_a3": "ETH", "sr_adm0_a3": "ETH", "scalerank": 0 }, "geometry": { "type": "Point", "coordinates": [ 36.73714217097455, 9.380194405247778 ] } },
{ "type": "Feature", "properties": { "sr_subunit": "Estonia", "sr_brk_a3": "EST", "sr_adm0_a3": "EST", "scalerank": 0 }, "geometry": { "type": "Point", "coordinates": [ 25.831378152679747, 58.68416902687926 ] } },
{ "type": "Feature", "properties": { "sr_subunit": "Eritrea", "sr_brk_a3": "ERI", "sr_adm0_a3": "ERI", "scalerank": 0 }, "geometry": { "type": "Point", "coordinates": [ 38.098713316066835, 16.086847566462211 ] } },
{ "type": "Feature", "properties": { "sr_subunit": "El Salvador", "sr_brk_a3": "SLV", "sr_adm0_a3": "SLV", "scalerank": 0 }, "geometry": { "type": "Point", "coordinates": [ -88.869506574368756, 13.73677620096106 ] } },
{ "type": "Feature", "properties": { "sr_subunit": "Egypt", "sr_brk_a3": "EGX", "sr_adm0_a3": "EGY", "scalerank": 0 }, "geometry": { "type": "Point", "coordinates": [ 29.860895582265471, 26.492410511735898 ] } },
{ "type": "Feature", "properties": { "sr_subunit": "Ecuador", "sr_brk_a3": "ECD", "sr_adm0_a3": "ECU", "scalerank": 0 }, "geometry": { "type": "Point", "coordinates": [ -78.390026288881984, -1.448279428452679 ] } },
{ "type": "Feature", "properties": { "sr_subunit": "Dominican Rep.", "sr_brk_a3": "DOM", "sr_adm0_a3": "DOM", "scalerank": 0 }, "geometry": { "type": "Point", "coordinates": [ -70.5003985986163, 18.899269694840712 ] } },
{ "type": "Feature", "properties": { "sr_subunit": "Djibouti", "sr_brk_a3": "DJI", "sr_adm0_a3": "DJI", "scalerank": 0 }, "geometry": { "type": "Point", "coordinates": [ 42.166510556716958, 11.574902680214677 ] } },
{ "type": "Feature", "properties": { "sr_subunit": "Greenland", "sr_brk_a3": "GRX", "sr_adm0_a3": "GRL", "scalerank": 0 }, "geometry": { "type": "Point", "coordinates": [ -33.16431083187922, 75.869807868038833 ] } },
{ "type": "Feature", "properties": { "sr_subunit": "Denmark", "sr_brk_a3": "DNK", "sr_adm0_a3": "DNK", "scalerank": 0 }, "geometry": { "type": "Point", "coordinates": [ 8.811534049456952, 55.801113028943291 ] } },
{ "type": "Feature", "properties": { "sr_subunit": "Czech Rep.", "sr_brk_a3": "CZE", "sr_adm0_a3": "CZE", "scalerank": 0 }, "geometry": { "type": "Point", "coordinates": [ 15.31410310187681, 49.732448205520427 ] } },
{ "type": "Feature", "properties": { "sr_subunit": "Cuba", "sr_brk_a3": "CUB", "sr_adm0_a3": "CUB", "scalerank": 0 }, "geometry": { "type": "Point", "coordinates": [ -79.541249153225692, 22.093377645162377 ] } },
{ "type": "Feature", "properties": { "sr_subunit": "Ivory Coast", "sr_brk_a3": "CIV", "sr_adm0_a3": "CIV", "scalerank": 0 }, "geometry": { "type": "Point", "coordinates": [ -5.56947483829299, 7.62846880938821 ] } },
{ "type": "Feature", "properties": { "sr_subunit": "Costa Rica", "sr_brk_a3": "CRI", "sr_adm0_a3": "CRI", "scalerank": 0 }, "geometry": { "type": "Point", "coordinates": [ -84.192026446862883, 9.974655552412003 ] } },
{ "type": "Feature", "properties": { "sr_subunit": "Congo (Brazzaville)", "sr_brk_a3": "COG", "sr_adm0_a3": "COG", "scalerank": 0 }, "geometry": { "type": "Point", "coordinates": [ 13.005824517887334, -3.467484896410667 ] } },
{ "type": "Feature", "properties": { "sr_subunit": "Congo (Kinshasa)", "sr_brk_a3": "COD", "sr_adm0_a3": "COD", "scalerank": 0 }, "geometry": { "type": "Point", "coordinates": [ 23.64633936586921, -2.879456245509175 ] } },
{ "type": "Feature", "properties": { "sr_subunit": "Colombia", "sr_brk_a3": "COL", "sr_adm0_a3": "COL", "scalerank": 0 }, "geometry": { "type": "Point", "coordinates": [ -73.07834068147713, 3.911188855381511 ] } },
{ "type": "Feature", "properties": { "sr_subunit": "Croatia", "sr_brk_a3": "HRV", "sr_adm0_a3": "HRV", "scalerank": 0 }, "geometry": { "type": "Point", "coordinates": [ 17.93124749517591, 45.443587283526483 ] } },
{ "type": "Feature", "properties": { "sr_subunit": "China", "sr_brk_a3": "CHZ", "sr_adm0_a3": "CHN", "scalerank": 0 }, "geometry": { "type": "Point", "coordinates": [ 93.784540883055456, 35.217091925652028 ] } },
{ "type": "Feature", "properties": { "sr_subunit": "Macau", "sr_brk_a3": "MAC", "sr_adm0_a3": "MAC", "scalerank": 0 }, "geometry": { "type": "Point", "coordinates": [ 113.537856656559597, 22.198065936693808 ] } },
{ "type": "Feature", "properties": { "sr_subunit": "Hong Kong", "sr_brk_a3": "HKG", "sr_adm0_a3": "HKG", "scalerank": 0 }, "geometry": { "type": "Point", "coordinates": [ 114.023066542786864, 22.41414018382261 ] } },
{ "type": "Feature", "properties": { "sr_subunit": "Chile", "sr_brk_a3": "CHY", "sr_adm0_a3": "CHL", "scalerank": 0 }, "geometry": { "type": "Point", "coordinates": [ -71.247815654268891, -35.447872832764858 ] } },
{ "type": "Feature", "properties": { "sr_subunit": "Chad", "sr_brk_a3": "TCD", "sr_adm0_a3": "TCD", "scalerank": 0 }, "geometry": { "type": "Point", "coordinates": [ 18.646251354716412, 15.333077603648633 ] } },
{ "type": "Feature", "properties": { "sr_subunit": "Central African Rep.", "sr_brk_a3": "CAF", "sr_adm0_a3": "CAF", "scalerank": 0 }, "geometry": { "type": "Point", "coordinates": [ 17.650774880956135, 5.80600340563285 ] } },
{ "type": "Feature", "properties": { "sr_subunit": "Canada", "sr_brk_a3": "CAN", "sr_adm0_a3": "CAN", "scalerank": 0 }, "geometry": { "type": "Point", "coordinates": [ -117.090594491342529, 59.656836099906229 ] } },
{ "type": "Feature", "properties": { "sr_subunit": "Cameroon", "sr_brk_a3": "CMR", "sr_adm0_a3": "CMR", "scalerank": 0 }, "geometry": { "type": "Point", "coordinates": [ 12.73698295979591, 5.693057542671625 ] } },
{ "type": "Feature", "properties": { "sr_subunit": "Cambodia", "sr_brk_a3": "KHM", "sr_adm0_a3": "KHM", "scalerank": 0 }, "geometry": { "type": "Point", "coordinates": [ 104.905252569550612, 12.718007203469824 ] } },
{ "type": "Feature", "properties": { "sr_subunit": "Burundi", "sr_brk_a3": "BDI", "sr_adm0_a3": "BDI", "scalerank": 0 }, "geometry": { "type": "Point", "coordinates": [ 29.87508269421113, -3.357425336509891 ] } },
{ "type": "Feature", "properties": { "sr_subunit": "Myanmar", "sr_brk_a3": "MMR", "sr_adm0_a3": "MMR", "scalerank": 0 }, "geometry": { "type": "Point", "coordinates": [ 96.488743524694087, 21.215154155639937 ] } },
{ "type": "Feature", "properties": { "sr_subunit": "Burkina Faso", "sr_brk_a3": "BFA", "sr_adm0_a3": "BFA", "scalerank": 0 }, "geometry": { "type": "Point", "coordinates": [ -1.755591297400315, 12.26956017256407 ] } },
{ "type": "Feature", "properties": { "sr_subunit": "Bulgaria", "sr_brk_a3": "BGR", "sr_adm0_a3": "BGR", "scalerank": 0 }, "geometry": { "type": "Point", "coordinates": [ 25.217497543477009, 42.768531912218123 ] } },
{ "type": "Feature", "properties": { "sr_subunit": "Brunei", "sr_brk_a3": "BRN", "sr_adm0_a3": "BRN", "scalerank": 0 }, "geometry": { "type": "Point", "coordinates": [ 114.598034451129138, 4.493330442546039 ] } },
{ "type": "Feature", "properties": { "sr_subunit": "Brazil", "sr_brk_a3": "BRA", "sr_adm0_a3": "BRA", "scalerank": 0 }, "geometry": { "type": "Point", "coordinates": [ -47.504838685656637, -16.452174485463956 ] } },
{ "type": "Feature", "properties": { "sr_subunit": "Botswana", "sr_brk_a3": "BWA", "sr_adm0_a3": "BWA", "scalerank": 0 }, "geometry": { "type": "Point", "coordinates": [ 23.798986733151366, -22.185772321035643 ] } },
{ "type": "Feature", "properties": { "sr_subunit": "Bolivia", "sr_brk_a3": "BOL", "sr_adm0_a3": "BOL", "scalerank": 0 }, "geometry": { "type": "Point", "coordinates": [ -64.684753591105164, -16.706876766549385 ] } },
{ "type": "Feature", "properties": { "sr_subunit": "Bhutan", "sr_brk_a3": "BTX", "sr_adm0_a3": "BTN", "scalerank": 0 }, "geometry": { "type": "Point", "coordinates": [ 90.403947699327034, 27.410592558799692 ] } },
{ "type": "Feature", "properties": { "sr_subunit": "Benin", "sr_brk_a3": "BEN", "sr_adm0_a3": "BEN", "scalerank": 0 }, "geometry": { "type": "Point", "coordinates": [ 2.328741264198129, 9.641298774718848 ] } },
{ "type": "Feature", "properties": { "sr_subunit": "Belize", "sr_brk_a3": "BLX", "sr_adm0_a3": "BLZ", "scalerank": 0 }, "geometry": { "type": "Point", "coordinates": [ -88.786015560360539, 17.543970899413392 ] } },
{ "type": "Feature", "properties": { "sr_subunit": "Belarus", "sr_brk_a3": "BLR", "sr_adm0_a3": "BLR", "scalerank": 0 }, "geometry": { "type": "Point", "coordinates": [ 28.033566459624581, 53.531880481998826 ] } },
{ "type": "Feature", "properties": { "sr_subunit": "Bangladesh", "sr_brk_a3": "BGD", "sr_adm0_a3": "BGD", "scalerank": 0 }, "geometry": { "type": "Point", "coordinates": [ 90.22663495543901, 23.88242325782727 ] } },
{ "type": "Feature", "properties": { "sr_subunit": "Azerbaijan", "sr_brk_a3": "AZZ", "sr_adm0_a3": "AZE", "scalerank": 0 }, "geometry": { "type": "Point", "coordinates": [ 47.659728875987014, 40.34583220569192 ] } },
{ "type": "Feature", "properties": { "sr_subunit": "Austria", "sr_brk_a3": "AUT", "sr_adm0_a3": "AUT", "scalerank": 0 }, "geometry": { "type": "Point", "coordinates": [ 14.130672916921753, 47.585656923428417 ] } },
{ "type": "Feature", "properties": { "sr_subunit": "Australia", "sr_brk_a3": "AUZ", "sr_adm0_a3": "AUS", "scalerank": 0 }, "geometry": { "type": "Point", "coordinates": [ 124.966052291879919, -23.994211913448908 ] } },
{ "type": "Feature", "properties": { "sr_subunit": "Tasmania", "sr_brk_a3": "AUA", "sr_adm0_a3": "AUS", "scalerank": 0 }, "geometry": { "type": "Point", "coordinates": [ 146.595989381005325, -42.0172322348796 ] } },
{ "type": "Feature", "properties": { "sr_subunit": "Armenia", "sr_brk_a3": "ARM", "sr_adm0_a3": "ARM", "scalerank": 0 }, "geometry": { "type": "Point", "coordinates": [ 44.931730878077701, 40.288596787611823 ] } },
{ "type": "Feature", "properties": { "sr_subunit": "Argentina", "sr_brk_a3": "ARG", "sr_adm0_a3": "ARG", "scalerank": 0 }, "geometry": { "type": "Point", "coordinates": [ -65.154824832299994, -35.182097662476963 ] } },
{ "type": "Feature", "properties": { "sr_subunit": "Antarctica", "sr_brk_a3": "ATB", "sr_adm0_a3": "ATA", "scalerank": 0 }, "geometry": { "type": "Point", "coordinates": [ 12.807310719913971, -80.725260779561154 ] } },
{ "type": "Feature", "properties": { "sr_subunit": "Angola", "sr_brk_a3": "AGO", "sr_adm0_a3": "AGO", "scalerank": 0 }, "geometry": { "type": "Point", "coordinates": [ 17.56374558628994, -12.329295727315809 ] } },
{ "type": "Feature", "properties": { "sr_subunit": "Andorra", "sr_brk_a3": "AND", "sr_adm0_a3": "AND", "scalerank": 0 }, "geometry": { "type": "Point", "coordinates": [ 1.560756241207741, 42.541326524999306 ] } },
{ "type": "Feature", "properties": { "sr_subunit": "Algeria", "sr_brk_a3": "DZA", "sr_adm0_a3": "DZA", "scalerank": 0 }, "geometry": { "type": "Point", "coordinates": [ 2.617784677421071, 28.158602036554896 ] } },
{ "type": "Feature", "properties": { "sr_subunit": "Albania", "sr_brk_a3": "ALB", "sr_adm0_a3": "ALB", "scalerank": 0 }, "geometry": { "type": "Point", "coordinates": [ 20.053819505765716, 41.14248112870132 ] } },
{ "type": "Feature", "properties": { "sr_subunit": "Afghanistan", "sr_brk_a3": "AFG", "sr_adm0_a3": "AFG", "scalerank": 0 }, "geometry": { "type": "Point", "coordinates": [ 66.008447587786122, 33.836266963749551 ] } },
{ "type": "Feature", "properties": { "sr_subunit": "Serbia", "sr_brk_a3": "SRS", "sr_adm0_a3": "SRB", "scalerank": 0 }, "geometry": { "type": "Point", "coordinates": [ 21.045877725676689, 43.907659272757371 ] } },
{ "type": "Feature", "properties": { "sr_subunit": "Fed. of Bos. & Herz.", "sr_brk_a3": "BHF", "sr_adm0_a3": "BIH", "scalerank": 0 }, "geometry": { "type": "Point", "coordinates": [ 17.505690478432996, 44.080173878122139 ] } },
{ "type": "Feature", "properties": { "sr_subunit": "Belgium", "sr_brk_a3": "BCR", "sr_adm0_a3": "BEL", "scalerank": 0 }, "geometry": { "type": "Point", "coordinates": [ 4.370396733222833, 50.83668469454318 ] } },
{ "type": "Feature", "properties": { "sr_subunit": "Russia", "sr_brk_a3": "RUZ", "sr_adm0_a3": "RUS", "scalerank": 0 }, "geometry": { "type": "Point", "coordinates": [ 63.152100419498936, 60.066553953702169 ] } }
]
}
